id,ecode,slug,name,category,halal_status_name,halal_status_title,halal_status_slug,status_id,description,status_description,created_at,updated_at
6,Е120,e120,"Кошениль, карминовая кислота",Краситель,Харам,Запрещенные,tyjym-salyngandar,3,Харам (по ханафитскому мазхабу),,[],[]
7,Е150(a-d),e150a-d,Қантты колер,Бояғыш,Халяль,Разрешено,ruqsat-etilgender,1,,,[],
8,Е160b,e160b,Экстракт аннато (биксин),Каротинді бояғыш,Халяль,Разрешено,ruqsat-etilgender,1,,,[],
9,Е171,e171,Диоксид титана,Органикалық емес бояғыш,Халяль,Разрешено,ruqsat-etilgender,1,,,[],
10,Е172,e172,Темір оксиді мен  гидроксиді,Органикалық емес бояғыш,Халяль,Разрешено,ruqsat-etilgender,1,,,[],
11,Е173,e173,Алюминий,Органикалық емес бояғыш,Халяль,Разрешено,ruqsat-etilgender,1,,,[],
12,Е174,e174,Күміс,Органикалық емес бояғыш,Халяль,Разрешено,ruqsat-etilgender,1,,,[],
13,Е175,e175,Алтын,Органикалық емес бояғыш,Халяль,Разрешено,ruqsat-etilgender,1,,,[],
14,Е200,e200,Сорбин қышқылы,Консервант,Халяль,Разрешено,ruqsat-etilgender,1,,,[],
15,Е201,e201,Натри сорбаты,Консервант,Халяль,Разрешено,ruqsat-etilgender,1,,,[],
16,Е202,e202,Калий сорбаты,Консервант,Халяль,Разрешено,ruqsat-etilgender,1,,,[],
17,Е203,e203,Сорбат кальциі,Консервант,Халяль,Разрешено,ruqsat-etilgender,1,,,[],
18,Е210,e210,Бензойлы қышқыл,Консервант,Халяль,Разрешено,ruqsat-etilgender,1,,,[],
19,Е211,e211,Бензоат натрийі,Консервант,Халяль,Разрешено,ruqsat-etilgender,1,,,[],
20,Е212,e212,Бензоат калийі,Консервант,Халяль,Разрешено,ruqsat-etilgender,1,,,[],
21,Е220,e220,Сер диоксиді ,Консервант,Халяль,Разрешено,ruqsat-etilgender,1,,,[],
22,Е221,e221,Натрий сульфиті,Консервант,Халяль,Разрешено,ruqsat-etilgender,1,,,[],
23,Е222,e222,Натрий гидросульфит ,Консервант,Халяль,Разрешено,ruqsat-etilgender,1,,,[],
24,Е223,e223,"Натрий пиросульфит
(метабисульфит)",Консервант,Халяль,Разрешено,ruqsat-etilgender,1,,,[],
25,Е224,e224,Калий пиросульфит ,Консервант,Халяль,Разрешено,ruqsat-etilgender,1,,,[],
26,Е226,e226,Сульфит кальция,Консервант,Халяль,Разрешено,ruqsat-etilgender,1,,,[],
27,Е239,e239,Гексамин,Консервант – басқалар,Халяль,Разрешено,ruqsat-etilgender,1,,,[],
28,Е249,e249,Калий нитриті,Консервант,Халяль,Разрешено,ruqsat-etilgender,1,,,[],
29,Е250,e250,Натрий нитриті,Консервант,Халяль,Разрешено,ruqsat-etilgender,1,,,[],
30,Е251,e251,Натрий нитраты,Консервант,Халяль,Разрешено,ruqsat-etilgender,1,,,[],
31,Е252,e252,Калий нитраты,Консервант,Халяль,Разрешено,ruqsat-etilgender,1,,,[],
32,Е260,e260,Уксус қышқылы,Басқа қышқылдар,Халяль,Разрешено,ruqsat-etilgender,1,,,[],
33,Е261,e261,Калий ацетаты,Басқа қышқылдар,Халяль,Разрешено,ruqsat-etilgender,1,,,[],
35,Е263,e263,Кальций ацетаты,Басқа қышқылдар,Халяль,Разрешено,ruqsat-etilgender,1,,,[],
36,Е280,e280,Пропинді қышқыл,Консерванттар-қышқылдар,Халяль,Разрешено,ruqsat-etilgender,1,,,[],
37,Е281,e281,Натрий пропинаты,Консерванттар-қышқылдар,Халяль,Разрешено,ruqsat-etilgender,1,,,[],
38,Е283,e283,Калий пропинаты,Консерванттар-қышқылдар,Халяль,Разрешено,ruqsat-etilgender,1,,,[],
39,Е290,e290,Көмір диоксиді,басқалар,Халяль,Разрешено,ruqsat-etilgender,1,,,[],
40,Е300,e300,Аскорбин қышқылы (Витамин C),Антиоксиданттар – витамин C,Халяль,Разрешено,ruqsat-etilgender,1,,,[],
41,Е301,e301,Натрий аскорбаты,Антиоксиданттар – витамин C және оның өнімдері,Халяль,Разрешено,ruqsat-etilgender,1,,,[],
42,Е310,e310,Пропилгаллат,Антиоксиданттар – басқалары,Халяль,Разрешено,ruqsat-etilgender,1,,,[],
43,Е330,e330,Лимон қышқылы,Лимон қышқылы және оның тұздары,Халяль,Разрешено,ruqsat-etilgender,1,,,[],
44,Е331,e331,Натрий цитраты,Лимон қышқылы және оның тұздары,Халяль,Разрешено,ruqsat-etilgender,1,,,[],
45,Е332,e332,Калий цитраты,Лимон қышқылы және оның тұздары,Халяль,Разрешено,ruqsat-etilgender,1,,,[],
46,Е338,e338,Ортофосфор қышқылы,Ортофосфор қышқылы және оның тұздары,Халяль,Разрешено,ruqsat-etilgender,1,,,[],
47,Е339,e339,Натрий ортофосфаты ,Ортофосфор қышқылы және оның тұздары,Халяль,Разрешено,ruqsat-etilgender,1,,,[],
48,Е340,e340,Калий ортофосфаты ,Ортофосфор қышқылы және оның тұздары,Халяль,Разрешено,ruqsat-etilgender,1,,,[],
49,Е400,e400,Альгин қышқылы,"Эмульгаторлар мен стабилизаторлар –
альгинаттар",Халяль,Разрешено,ruqsat-etilgender,1,,,[],
50,Е401,e401,Альгинат натрийі,"Эмульгаторлар мен стабилизаторлар –
альгинаттар",Халяль,Разрешено,ruqsat-etilgender,1,,,[],
51,Е402,e402,Альгинат калийі,"Эмульгаторлар мен стабилизаторлар –
альгинаттар",Халяль,Разрешено,ruqsat-etilgender,1,,,[],
52,Е403,e403,Альгинат аммонийі,"Эмульгаторлар мен стабилизаторлар –
альгинаттар",Халяль,Разрешено,ruqsat-etilgender,1,,,[],
53,Е405,e405,Альгинат пропиленгликольі,"Эмульгаторлар мен стабилизаторлар –
альгинаттар",Халяль,Разрешено,ruqsat-etilgender,1,,,[],
54,Е406,e406,Агар,Эмульгаторлар мен стабилизаторлар – өсімдік текті смолалар,Халяль,Разрешено,ruqsat-etilgender,1,,,[],
55,Е407,e407,Каррагинан,Эмульгаторлар мен стабилизаторлар – өсімдік текті смолалар,Халяль,Разрешено,ruqsat-etilgender,1,,,[],
56,Е410,e410,Шегіртке бұршақ камедьі,Эмульгаторлар мен стабилизаторлар – өсімдік текті смолалар,Халяль,Разрешено,ruqsat-etilgender,1,,,[],
57,Е412,e412,Гуар камедьі,Эмульгаторлар мен стабилизаторлар – өсімдік текті смолалар,Халяль,Разрешено,ruqsat-etilgender,1,,,[],
58,Е413,e413,Трагакант камедьі,Эмульгаторлар мен стабилизаторлар – өсімдік текті смолалар,Халяль,Разрешено,ruqsat-etilgender,1,,,[],
59,Е414,e414,Гуммиарабик,Эмульгаторлар мен стабилизаторлар – өсімдік текті смолалар,Халяль,Разрешено,ruqsat-etilgender,1,,,[],
60,Е415,e415,Ксантан камедьі,Эмульгаторлар мен стабилизаторлар – өсімдік текті смолалар,Халяль,Разрешено,ruqsat-etilgender,1,,,[],
61,Е420,e420,Сорбит,Қант спирттері,Халяль,Разрешено,ruqsat-etilgender,1,,,[],
62,Е421,e421,Маннит,Қант спирттері,Халяль,Разрешено,ruqsat-etilgender,1,,,[],
63,Е440a,e440a,Пектин,"Эмульгаторлар мен стабилизаторлар – пектин
және оның туындылары",Халяль,Разрешено,ruqsat-etilgender,1,,,[],
64,Е440b,e440b,Амидирлі  пектин,"Эмульгаторлар мен стабилизаторлар – пектин
және оның туындылары",Халяль,Разрешено,ruqsat-etilgender,1,,,[],
65,"Е450 a,b,c",e450abc,Калий және натрийдің фосфаты және полифосфаты,Басқалар,Халяль,Разрешено,ruqsat-etilgender,1,,,[],
66,Е460,e460,Целлюлоза микрокристаллическая и в порошке,Эмульгаторлар мен стабилизаторлар – целлюлоза және оның туындылары,Халяль,Разрешено,ruqsat-etilgender,1,,,[],
67,Е461,e461,Метилцеллюлоза,Эмульгаторлар мен стабилизаторлар – целлюлоза және оның туындылары,Халяль,Разрешено,ruqsat-etilgender,1,,,[],
68,Е463,e463,Гидроксипропилцелюлоз а,Эмульгаторлар мен стабилизаторлар – целлюлоза және оның туындылары,Халяль,Разрешено,ruqsat-etilgender,1,,,[],
69,Е464,e464,Гидроксипропилметилцел люлоза,Эмульгаторлар мен стабилизаторлар – целлюлоза және оның туындылары,Халяль,Разрешено,ruqsat-etilgender,1,,,[],
70,Е465,e465,Метилэтилцеллюлоза,Эмульгаторлар мен стабилизаторлар – целлюлоза және оның туындылары,Халяль,Разрешено,ruqsat-etilgender,1,,,[],
71,Е466,e466,Натрий- карбоксиметилцеллюлоза,Эмульгаторлар мен стабилизаторлар – целлюлоза және оның туындылары,Халяль,Разрешено,ruqsat-etilgender,1,,,[],
72,Е234,not-e-234,Низин,Консервант – другое,Халяль,Разрешено,ruqsat-etilgender,1,,,[],[]
73,Е262,not-e-262,Натрий ацетаты,Басқа – қышқылдар және олардың тұздары,Халяль,Разрешено,ruqsat-etilgender,1,,,[],[]
74,Е296,not-e-296,Алма қышқылы,Басқа – қышқылдар және олардың тұздары,Халяль,Разрешено,ruqsat-etilgender,1,,,[],[]
75,Е297,not-e-297,Фумар қышқылы,Басқа – қышқылдар және олардың тұздары,Халяль,Разрешено,ruqsat-etilgender,1,,,[],[]
76,Е350,not-e-350,Натрий малаты,Басқа – алма қышқылының тұзы,Халяль,Разрешено,ruqsat-etilgender,1,,,[],[]
77,Е351,not-e-351,Калий малаты,Басқа – алма қышқылының тұзы,Халяль,Разрешено,ruqsat-etilgender,1,,,[],[]
78,Е352,not-e-352,Кальций малаты,Басқа – алма қышқылының тұзы,Халяль,Разрешено,ruqsat-etilgender,1,,,[],[]
79,Е353,not-e-353,Мета-винді қышқыл,Басқа – алма қышқылының тұзы,Халяль,Разрешено,ruqsat-etilgender,1,,,[],[]
80,Е355,not-e-355,Адипин қышқылы,Басқа – алма қышқылының тұзы,Халяль,Разрешено,ruqsat-etilgender,1,,,[],[]
81,Е363,not-e-363,Янтарь қышқылы,Басқа – алма қышқылының тұзы,Халяль,Разрешено,ruqsat-etilgender,1,,,[],[]
82,Е370,not-e-370,Гептонолактон,Басқа – алма қышқылының тұзы,Халяль,Разрешено,ruqsat-etilgender,1,,,[],[]
83,Е375,not-e-375,Никотин қышқылы,Басқа – алма қышқылының тұзы,Халяль,Разрешено,ruqsat-etilgender,1,,,[],[]
84,Е380,not-e-380,Цитрат аммонийі,Басқа – алма қышқылының тұзы,Халяль,Разрешено,ruqsat-etilgender,1,,,[],[]
85,Е381,not-e-381,Аммоний темірінің цитраты,Басқа – алма қышқылының тұзы,Халяль,Разрешено,ruqsat-etilgender,1,,,[],[]
86,Е385,not-e-385,Кальций динатрий тұзы ЭДТА,Басқа – алма қышқылының тұзы,Халяль,Разрешено,ruqsat-etilgender,1,,,[],[]
87,Е416,not-e-416,Карайи камедьі,Эмульгаторлар мен стабилизаторлар,Халяль,Разрешено,ruqsat-etilgender,1,,,[],[]
88,Е500,not-e-500,Натрий карбонаты және бикарбонаты,Басқа – қышқылдар мен тұздар: карбонаттар,Халяль,Разрешено,ruqsat-etilgender,1,,,[],[]
89,Е501,not-e-501,Калий карбонаты және бикарбонаты,Басқа – қышқылдар мен тұздар: карбонаттар,Халяль,Разрешено,ruqsat-etilgender,1,,,[],[]
90,Е503,not-e-503,Аммоний карбонаты,Басқа – қышқылдар мен тұздар: карбонаттар,Халяль,Разрешено,ruqsat-etilgender,1,,,[],[]
91,Е504,not-e-504,Магний карбонат,Басқа – қышқылдар мен тұздар: карбонаттар,Халяль,Разрешено,ruqsat-etilgender,1,,,[],[]
92,Е507,not-e-507,Тұз қышқылы,Басқа – қышқылдар мен тұздар: тұз қышқылы және тұзы,Халяль,Разрешено,ruqsat-etilgender,1,,,[],[]
93,Е508,not-e-508,Калий хлориді,Басқа – қышқылдар мен тұздар: тұз қышқылы және тұзы,Халяль,Разрешено,ruqsat-etilgender,1,,,[],[]
94,Е509,not-e-509,Кальций хлориді,Басқа – қышқылдар мен тұздар: тұз қышқылы және тұзы,Халяль,Разрешено,ruqsat-etilgender,1,,,[],[]
95,Е510,not-e-510,Аммоний хлориді,Басқа – қышқылдар мен тұздар: тұз қышқылы және тұзы,Халяль,Разрешено,ruqsat-etilgender,1,,,[],[]
96,Е513,not-e-513,Күкірт қышқылы,Басқа – қышқылдар мен тұздар: күкірт қышқылы және тұзы,Халяль,Разрешено,ruqsat-etilgender,1,,,[],[]
97,Е514,not-e-514,Натрий сульфаты,Басқа – қышқылдар мен тұздар: күкірт қышқылы және тұзы,Халяль,Разрешено,ruqsat-etilgender,1,,,[],[]
98,Е515,not-e-515,Калий сульфаты,Басқа – қышқылдар мен тұздар: күкірт қышқылы және тұзы,Халяль,Разрешено,ruqsat-etilgender,1,,,[],[]
99,Е516,not-e-516,Кальций сульфаты,Басқа – қышқылдар мен тұздар: күкірт қышқылы және тұзы,Халяль,Разрешено,ruqsat-etilgender,1,,,[],[]
100,Е518,not-e-518,Магний сульфаты,Басқа – қышқылдар мен тұздар: күкірт қышқылы және тұзы,Халяль,Разрешено,ruqsat-etilgender,1,,,[],[]
101,Е524,not-e-524,Натрий гидроксиді,Басқа – сілтіліктер,Халяль,Разрешено,ruqsat-etilgender,1,,,[],[]
102,Е525,not-e-525,Калий гидроксиді,Басқа – сілтіліктер,Халяль,Разрешено,ruqsat-etilgender,1,,,[],[]
103,Е526,not-e-526,Кальций гидроксиді,Басқа – сілтіліктер,Халяль,Разрешено,ruqsat-etilgender,1,,,[],[]
104,Е527,not-e-527,Аммний гидроксиді,Басқа – сілтіліктер,Халяль,Разрешено,ruqsat-etilgender,1,,,[],[]
105,Е528,not-e-528,Магний гидроксиді,Басқа – сілтіліктер,Халяль,Разрешено,ruqsat-etilgender,1,,,[],[]
106,Е529,not-e-529,Кальций оксиді,Басқа – сілтіліктер,Халяль,Разрешено,ruqsat-etilgender,1,,,[],[]
107,Е530,not-e-530,Магний оксиді,Басқа – сілтіліктер,Халяль,Разрешено,ruqsat-etilgender,1,,,[],[]
108,Е535,not-e-535,Натрий ферроцианиді,Тұздар,Халяль,Разрешено,ruqsat-etilgender,1,,,[],[]
109,Е536,not-e-536,Калий ферроцианиді,Тұздар,Халяль,Разрешено,ruqsat-etilgender,1,,,[],[]
110,Е540,not-e-540,Дикальций дифосфаты,Тұздар,Халяль,Разрешено,ruqsat-etilgender,1,,,[],[]
111,Е541,not-e-541,Алюмофосфат натрийі,Тұздар,Халяль,Разрешено,ruqsat-etilgender,1,,,[],[]
112,Е545,not-e-545,Полифосфат аммонийі,Басқа – антиспекательдер,Халяль,Разрешено,ruqsat-etilgender,1,,,[],[]
113,Е551,not-e-551,Кремний диоксид,Басқа – кремний тұздары,Халяль,Разрешено,ruqsat-etilgender,1,,,[],[]
114,Е552,not-e-552,Кальций силикаты,Басқа – кремний тұздары,Халяль,Разрешено,ruqsat-etilgender,1,,,[],[]
115,Е553,not-e-553,"Магний силикаты, магний  трисиликаты",Басқа – кремний тұздары,Халяль,Разрешено,ruqsat-etilgender,1,,,[],[]
116,Е554,not-e-554,Натрий алюмосиликаты,Басқа – кремний тұздары,Халяль,Разрешено,ruqsat-etilgender,1,,,[],[]
117,Е558,not-e-558,Бентонит,Басқа құраушылар,Халяль,Разрешено,ruqsat-etilgender,1,,,[],[]
118,Е559,not-e-559,Каолин (алюмосиликат),Басқа құраушылар,Халяль,Разрешено,ruqsat-etilgender,1,,,[],[]
119,Е575,not-e-575,Глюконо-d-лактон,Басқа құраушылар,Халяль,Разрешено,ruqsat-etilgender,1,,,[],[]
120,Е576,not-e-576,Натрий глюконаты,Басқа құраушылар,Халяль,Разрешено,ruqsat-etilgender,1,,,[],[]
121,Е577,not-e-577,Калий глюконаты,Басқа құраушылар,Халяль,Разрешено,ruqsat-etilgender,1,,,[],[]
122,Е578,not-e-578,Кальций глюконаты,Басқа құраушылар,Халяль,Разрешено,ruqsat-etilgender,1,,,[],[]
123,Е636,not-e-636,Мальтол,Басқа дәм күшейткіштер,Халяль,Разрешено,ruqsat-etilgender,1,,,[],[]
124,Е637,not-e-637,Этилмальтол,Басқа дәм күшейткіштер,Халяль,Разрешено,ruqsat-etilgender,1,,,[],[]
125,Е900,not-e-900,Полидиметилсилоксан,Басқа дәм күшейткіштер,Халяль,Разрешено,ruqsat-etilgender,1,,,[],[]
126,Е901,not-e-901,Балауыз,Басқа глазурлер,Халяль,Разрешено,ruqsat-etilgender,1,,,[],[]
127,Е903,not-e-903,Карнауба балауызы,Басқа глазурлер,Халяль,Разрешено,ruqsat-etilgender,1,,,[],[]
128,Е905,not-e-905,Минералды көмірсутек,Басқа глазурлер,Халяль,Разрешено,ruqsat-etilgender,1,,,[],[]
129,Е924,not-e-924,Калий броматы,Ұн жақсартқыш,Халяль,Разрешено,ruqsat-etilgender,1,,,[],[]
130,Е925,not-e-925,Хлор,Ұн жақсартқыш,Халяль,Разрешено,ruqsat-etilgender,1,,,[],[]
131,Е926,not-e-926,Хлор диоксиді,Ұн жақсартқыш,Халяль,Разрешено,ruqsat-etilgender,1,,,[],[]
132,Е927,not-e-927,Азодикарбонамид,Ұн жақсартқыш,Халяль,Разрешено,ruqsat-etilgender,1,,,[],[]
138,Е122,e122,"Кармазин (кармуазин, азорубин)",Краситель,Сомнительно, Сомнительные,kumandiler,2,"Егер 100% құрғақ бояу күйінде қолданылса – халал, Егер сұйық бояу ретінде қолданылса – күмәнді",,[],[]
139,Е123,e123,Амарант,Краситель,Сомнительно, Сомнительные,kumandiler,2,"Егер 100%  құрғақ бояу күйінде қолданылса – халал,
Егер сұйық бояу ретінде қолданылса – күмәнді",,[],
140,Е124,e124,Понсо 4R (кошенилді қызыл А),Краситель,Сомнительно, Сомнительные,kumandiler,2,"Егер 100%  құрғақ бояу күйінде қолданылса – халал,
Егер сұйық бояу ретінде қолданылса – күмәнді",,[],
141,Е127,e127,Эритрозин,Краситель,Сомнительно, Сомнительные,kumandiler,2,"Егер 100% құрғақ бояу күйінде қолданылса – халал ;
Егер сұйық бояу ретінде қолданылса – күмәнді",,[],
142,Е131,e131,Пантенттелген көк V,Краситель,Сомнительно, Сомнительные,kumandiler,2,"Егер 100% құрғақ бояу күйінде қолданылса – халал ;
Егер сұйық бояу ретінде қолданылса – күмәнді",,[],
143,Е132,e132,Индигокармин (индиготин),Краситель,Сомнительно, Сомнительные,kumandiler,2,Егер 100% синтетикалық бояу ретінде қолданылса – халал;                                    Егер еріткіш ретінде доңыз глицерині қолданылса – харам.,,[],
144,Е140,e140,Хлорофилл,Краситель,Сомнительно, Сомнительные,kumandiler,2,"Егер суда, өсімдік майында, ацетон, метилэтилкетон, дихлорметан, көміртегінің қос тотығы, метанол, этанол, пропанол-2, гексанмен ерітілсе – халал;                        Егер этанолда ерітілсе",,[],
145,Е141,e141,Е 141 хлорофилдің мысты кешені ,Краситель,Сомнительно, Сомнительные,kumandiler,2,"Егер  100% ұнтақ күйінде қолданылса және
су мен өсімдік майы қолданылса – халал; Егер этил спирті қосылса – күмәнді.",,[],
146,Е142,e142,Жасыл S,Краситель,Сомнительно, Сомнительные,kumandiler,2,"Егер 100%  құрғақ бояу күйінде қолданылса – халал,
Егер сұйық күйінде қолданылса – күмәнді",,[],
147,Е151,e151,"Бриллиантты BN (жарқыраған қара BN, қара PN)",Краситель,Сомнительно, Сомнительные,kumandiler,2,"Егер 100%  құрғақ бояу күйінде қолданылса – халал,
Егер сұйық күйінде қолданылса – күмәнді",,[],
148,Е153,e153,Көмір қара,Краситель,Сомнительно, Сомнительные,kumandiler,2,"Егер 100%  құрғақ бояу күйінде қолданылса – халал,
Егер сұйық күйінде қолданылса – күмәнді",,[],
149,Е160a,e160a,"Альфа-, бета-, гамма- каротиндер",Краситель-каротин,Сомнительно, Сомнительные,kumandiler,2,"Егер 100%  құрғақ бояу күйінде қолданылса – халал,
Егер сұйық күйінде қолданылса – күмәнді",,[],
150,Е160c,e160c,"Капсантин, капсорубин",Краситель-каротин,Сомнительно, Сомнительные,kumandiler,2,"Егер 100%  құрғақ бояу күйінде қолданылса – халал,
Егер сұйық күйінде қолданылса – күмәнді",,[],
151,Е160d,e160d,Ликопин,Краситель-каротин,Сомнительно, Сомнительные,kumandiler,2,"Егер 100%  құрғақ бояу күйінде қолданылса – халал,
Егер сұйық күйінде қолданылса – күмәнді",,[],
152,Е160e,e160e,Бета-апо-8-каротинді альдегид,Краситель-каротин,Сомнительно, Сомнительные,kumandiler,2,Егер 100% ұнтақ немесе грануляр күйінде келсе және сұйық күйінде еріткіш ретінде  өсімдік майы қолданылса – халал; Егер еріткіші доңыз желатині болса – харам.,,[],
153,Е160f,e160f,Этильді эфир бета-апо- 8-каротинді қышқыл,Краситель-каротин,Сомнительно, Сомнительные,kumandiler,2,Егер 100% ұнтақ немесе грануляр күйінде келсе және сұйық күйінде еріткіш ретінде  өсімдік майы қолданылса – халал; Егер доңыз желатині қосылса – харам.,,[],
154,Е161a,e161a,Флавоксантин,Краситель,Сомнительно, Сомнительные,kumandiler,2,Егер 100%  құрғақ бояу күйінде қолданылса – халал; Егер сұйық күйінде қолданылса – күмәнді.,,[],
155,Е161b,e161b,Лютеин,Краситель,Сомнительно, Сомнительные,kumandiler,2,Егер 100% ұнтақ немесе грануляр күйінде келсе – халал.                                                              Егер сұйық және құрғақ күйіне доңыз глицерині мен желатині қосылса – харам.,,[],
156,Е161c,e161c,Криптоксантин,Краситель,Сомнительно, Сомнительные,kumandiler,2,"Егер 100%  құрғақ бояу күйінде қолданылса – халал, Егер сұйық күйінде қолданылса – күмәнді.",,[],
157,Е161d,e161d,Рубиксантин,Краситель,Сомнительно, Сомнительные,kumandiler,2,"Егер 100%  құрғақ бояу күйінде қолданылса – халал,
Егер сұйық күйінде қолданылса – күмәнді.",,[],
158,Е161e,e161e,Виолоксантин (виолаксантин),Краситель,Сомнительно, Сомнительные,kumandiler,2,"Егер 100%  құрғақ бояу күйінде қолданылса – халал,
Егер сұйық күйінде қолданылса – күмәнді.",,[],
159,Е161f,e161f,Родоксантин,Краситель,Сомнительно, Сомнительные,kumandiler,2,"Егер 100%  құрғақ бояу күйінде қолданылса – халал,
Егер сұйық күйінде қолданылса – күмәнді.",,[],
160,Е161g,e161g,Кантаксантин,Краситель,Сомнительно, Сомнительные,kumandiler,2,"Егер 100%  құрғақ бояу күйінде қолданылса – халал,
Егер сұйық күйінде қолданылса – күмәнді.",,[],
161,Е162,e162,Қызылшалы қызыл (бетанин),Краситель,Сомнительно, Сомнительные,kumandiler,2,"Егер 100%  құрғақ бояу күйінде қолданылса – халал,
Егер сұйық күйінде қолданылса – күмәнді.",,[],
162,Е163,e163,Антоциандар,Краситель,Сомнительно, Сомнительные,kumandiler,2,"Егер 100%  құрғақ бояу күйінде қолданылса – халал,
Егер сұйық күйінде қолданылса – күмәнді.",,[],
163,Е170,e170,Карбонат кальциі,Органикалық емес бояғыш,Сомнительно, Сомнительные,kumandiler,2,"Егер тау минералдарынан алынып 100% құрғақ ұнтақ және грануляр күйінде қолданылса – халал.
Егер сұйық күйінде қолданылса – күмәнді",,[],
164,Е180,e180,Рубинді литол BK,Органикалық емес бояғыш,Сомнительно, Сомнительные,kumandiler,2,"Егер 100%  құрғақ бояу күйінде қолданылса – халал,
Егер сұйық күйінде қолданылса – күмәнді.",,[],
165,Е213,e213,Бензоат кальциі,Консервант,Сомнительно, Сомнительные,kumandiler,2,"Егер минералдардан алынса, халал,
Егер сүйектен алынса күмәнді.",,[],
166,Е214,e214,Этилпарабен (пара- гидроксибензил қышқылды этил эфирі),Консервант,Сомнительно, Сомнительные,kumandiler,2,"Егер тау минералдарынан алынып 100% құрғақ ұнтақ және грануляр күйінде қолданылса – халал.
Егер еріткіш ретінде спирт қолданылса харам.",,[],
167,Е215,e215,Пара-гидроксибензил қышқылды этил эфирінің натри тұзы,Консервант,Сомнительно, Сомнительные,kumandiler,2,"Егер тау минералдарынан алынып 100% құрғақ ұнтақ және грануляр күйінде қолданылса – халал.
Егер еріткіш ретінде спирт қолданылса харам.",,[],
168,Е216,e216,"Пропилпарабен (пара- гидроксибензил қышқылды пропил
эфирі)",Консервант,Сомнительно, Сомнительные,kumandiler,2,"Егер тау минералдарынан алынып 100% құрғақ ұнтақ және грануляр күйінде қолданылса – халал.
Егер еріткіш ретінде спирт қолданылса харам.",,[],
169,Е217,e217,Пара-гидроксибензил қышқылды пропил эфирінің натри тұзы,Консервант,Сомнительно, Сомнительные,kumandiler,2,"Егер тау минералдарынан алынып 100% құрғақ ұнтақ және грануляр күйінде қолданылса – халал.
Егер еріткіш ретінде спирт қолданылса харам.",,[],
170,Е218,e218,"Метилпарабен (пара- гидроксибензил қышқылының метил
эфирі)",Консервант,Сомнительно, Сомнительные,kumandiler,2,"Егер тау минералдарынан алынып 100% құрғақ ұнтақ және грануляр күйінде қолданылса – халал.
Егер еріткіш ретінде спирт қолданылса харам.",,[],
171,Е219,e219,Пара-гидроксибензойной кислоты метилового эфира натриевая соль,Консервант,Сомнительно, Сомнительные,kumandiler,2,"Егер тау минералдарынан алынып 100% құрғақ ұнтақ және грануляр күйінде қолданылса – халал.
Егер еріткіш ретінде спирт қолданылса харам.",,[],
172,Е227,e227,Гидросульфит кальция,Консервант,Сомнительно, Сомнительные,kumandiler,2,"Егер химикаттар мен минералдардан алынса – халал
Егер сүйектен алынса – күмәнді",,[],
173,Е230,e230,Бифенил (дифенил),Консервант,Сомнительно, Сомнительные,kumandiler,2,Егер еріткіш ретінде спирт қолданылса – күмәнді,,[],
174,Е231,e231,Ортофенилфенол,Консервант,Сомнительно, Сомнительные,kumandiler,2,Егер еріткіш ретінде спирт қолданылса – күмәнді,,[],
175,Е232,e232,Ортофенилфенол натри тұзы,Консервант,Сомнительно, Сомнительные,kumandiler,2,Егер еріткіш ретінде спирт қолданылса – күмәнді,,[],
176,Е233,e233,Тиабендазол,Консервант,Сомнительно, Сомнительные,kumandiler,2,Егер еріткіш ретінде спирт қолданылса – күмәнді,,[],
177,Е270,e270,Сүт қышқылы,Басқа қышқылдар,Сомнительно, Сомнительные,kumandiler,2,Егер сүт сарысуынан алынса – күмәнді.,,[],[]
178,Е282,e282,Пропионат кальциі,Консерванттар - қышқылдар,Сомнительно, Сомнительные,kumandiler,2,"Егер минералдан алынса – халал
Егер сүйектен алынса – күмәнді",,[],
179,Е302,e302,Аскорбат кальциі,"Антиоксиданттар –
витамин C және оның өнімдері",Сомнительно, Сомнительные,kumandiler,2,"Егер минералдан алынса – халал
Егер сүйектен алынса – күмәнді",,[],
180,Е304,e304,Аскорбилпальмитат,"Антиоксиданттар –
витамин C және оның өнімдері",Сомнительно, Сомнительные,kumandiler,2,"Егер май қышқылы, пальмитин қышқылы өсімдіктен алынса – халал; 
Егер пальмитин қышқылы  доңыз майынан аынса – харам;",,[],
181,Е306,e306,Токоферолдың табиғи концентраты ,Антиоксиданттар – витамин E,Сомнительно, Сомнительные,kumandiler,2,Егер токоферол өсімдік майынан алынса – халал;                                                                  Егер  токоферол   доңыз майынан алынса – харам,,[],
182,Е312,e312,Додецилгаллат,Антиоксиданттар – басқалары,Сомнительно, Сомнительные,kumandiler,2,"Егер чернил жаңғағы немесе өсімдік секрециясынан алынса –   халал. 
Егер еріткіш ретінде спирт қолданылса – харам.",,[],
183,Е320,e320,Бутилгидроксианизол,Антиоксиданттар – басқалары,Сомнительно, Сомнительные,kumandiler,2,"Егер тасымалдаушы ортасы өсімдік айы болса – халал.                                                            Егер тасымалдаушы ортасы  доңыз майы болса – харам.  
100% химиялық түрде кездеспейді.",,[],
184,Е321,e321,Бутилгидрокситолуол,Антиоксиданттар – басқалары,Сомнительно, Сомнительные,kumandiler,2,"Егер тасымалдаушы ортасы өсімдік айы болса – халал.                                                            Егер тасымалдаушы ортасы  доңыз майы болса – харам.  
100% химиялық түрде кездеспейді.",,[],
185,Е422,e422,Глицерин,Қантты спирт,Сомнительно, Сомнительные,kumandiler,2,"Егер өсімдік майынан алынса – халал;
Егер доңыз майынан алынса – харам",,[],
186,Е470,e470,"Натри, калий и кальций май қышқылының тұздары",Эмульгаторлар және стабилизаторлар – тұздар немесе эфир майының қышқылдары,Сомнительно, Сомнительные,kumandiler,2,"Егер өсімдік майынан алынса – халал;
Егер доңыз майынан алынса – харам",,[],
187,Е471,e471,Моно- и диглицерид май қышқылдары,Эмульгаторлар және стабилизаторлар – тұздар немесе эфир майының қышқылдары,Сомнительно, Сомнительные,kumandiler,2,"Егер өсімдік майынан алынса – халал;
Егер доңыз майынан алынса – харам",,[],
188,Е472,e472,Моно- и диглицерид май қышқылдарының түрлі эфирлері,Эмульгаторлар және стабилизаторлар – тұздар немесе эфир майының қышқылдары,Сомнительно, Сомнительные,kumandiler,2,"Егер өсімдік майынан алынса – халал;
Егер доңыз майынан алынса – харам",,[],
189,Е473,e473,Сахарозажәне май қышқылының эфирлері,Эмульгаторлар және стабилизаторлар – тұздар немесе эфир майының қышқылдары,Сомнительно, Сомнительные,kumandiler,2,"Егер өсімдік майынан алынса – халал;
Егер доңыз майынан алынса – харам",,[],
190,Е474,e474,Қантты глицеридтер,Эмульгаторлар және стабилизаторлар – тұздар немесе эфир майының қышқылдары,Сомнительно, Сомнительные,kumandiler,2,"Егер өсімдік майынан алынса – халал;
Егер доңыз майынан алынса – харам",,[],
191,Е475,e475,Полиглицерид және май қышқылдарының эфирлері,Эмульгаторлар және стабилизаторлар – тұздар немесе эфир майының қышқылдары,Сомнительно, Сомнительные,kumandiler,2,"Егер өсімдік майынан алынса – халал;
Егер доңыз майынан алынса – харам",,[],
192,Е477,e477,Пропиленгликол және май қышқылының эфирлері,Эмульгаторлар және стабилизаторлар – тұздар немесе эфир майының қышқылдары,Сомнительно, Сомнительные,kumandiler,2,"Егер өсімдік майынан алынса – халал;
Егер доңыз майынан алынса – харам",,[],
193,Е481,e481, Натри лактитаты,Эмульгаторлар және стабилизаторлар – тұздар немесе эфир майының қышқылдары,Сомнительно, Сомнительные,kumandiler,2,"Егер өсімдік майынан алынса – халал;
Егер доңыз майынан алынса – харам",,[],
194,Е482,e482,Кальци лактитаты,Эмульгаторлар және стабилизаторлар – тұздар немесе эфир майының қышқылдары,Сомнительно, Сомнительные,kumandiler,2,"Егер өсімдік майынан алынса – халал;
Егер доңыз майынан алынса – харам",,[],
195,Е483,e483,Стеарилтартрат,Эмульгаторлар және стабилизаторлар – тұздар немесе эфир майының қышқылдары,Сомнительно, Сомнительные,kumandiler,2,"Егер өсімдік майынан алынса – халал;
Егер доңыз майынан алынса – харам",,[],
196,Е307,e307,Синтетикалық альфатокоферол,Антиоксидант – витамин E,Сомнительно, Сомнительные,kumandiler,2,Егер таза синтетикалық заттардан жасалынған болса – халал. Синтетикалық &nbsp;спирттік ашыту арқылы жасалынса – рұқсат етілмейді.,<p>Жасалу жолына байланысты – халал және харам болады</p>,[],[]
197,Е308,e308,Синтетикалық гамматокоферол,Антиоксидант – витамин E,Сомнительно, Сомнительные,kumandiler,2,Егер халал синтетикалық заттардан жасалынса – рұқсат етіледі. Егер синтетикалық спирттік ашыту арқылы жасалынса – рұқсат етілмейді.,"<p>Жасалу жолына байланысты – халал да, харам да болады</p>",[],[]
198,Е309,e309,Синтетикалық гамматокоферол,Антиоксидант – витамин E,Сомнительно, Сомнительные,kumandiler,2,Егер халал синтетикалық заттардан жасалынса – рұқсат етіледі. Егер синтетикалық спирттік ашыту арқылы жасалынса – рұқсат етілмейді.,"<p>Жасалу жолына байланысты – халал да, харам да болады</p>",[],[]
199,Е311,e311,Октилгаллат,Антиоксидант – басқалары,Сомнительно, Сомнительные,kumandiler,2,Егер сия жаңғақтары мен өсімдік секрециясынан алынса ғана – рұқсат етіледі,"<p>Алыну жолына байланысты – халал да, харам да болады</p>",[],[]
202,E325,e325,Лактат натрия,Сүт қышқылдарының тұзы,Сомнительно, Сомнительные,kumandiler,2,"Егер сүт қышқылы, сүт шикізатынан алынбаса&nbsp; – рұқсат етіледі","<p>Алыну жолына байланысты – халал да, харам да болады</p>",[],[]
203,E326,e326,Лактат калия,Сүт қышқылының тұздары,Сомнительно, Сомнительные,kumandiler,2,"Егер сүт қышқылы, сүт шикізатынан алынбаса – халал.","<p>Алыну жолына байланысты халал да, харам да болады</p>",[],[]
205,Е333,e333,Кальций цитраты,Лимон қышқылы және оның тұздары,Сомнительно, Сомнительные,kumandiler,2,Егер калький сүйектен алынбаса – халал,"<p>Алыну жолына байланысты – халал да, харам да бола алады</p>",[],[]
206,Е334,e334,Вино қышқылы,Вино қышқылы және оның тұздары,Сомнительно, Сомнительные,kumandiler,2,Егер шараптан алынбаса – халал,"<p>Алыну жолына байланысты – халал да, харам да бола алады</p>",[],[]
207,E335,e335,Натрий тартраты,Вино қышқылы және оның тұздары,Сомнительно, Сомнительные,kumandiler,2,Егер шараптан алынбаса – халал,"<p>Алыну жолына байланысты – халал да, харам да бола алады</p>",[],[]
208,Е336,e336,Калий тартраты,Вино қышқылы және оның тұздары,Сомнительно, Сомнительные,kumandiler,2,Егер шараптан алынбаса – халал,"<p>Алыну жолына байланысты – халал да, харам да болады</p>",[],[]
209,Е337,e337,Калий-натрий тартраты,Вино қышқылы және оның тұздары,Сомнительно, Сомнительные,kumandiler,2,Егер шараптан алынбаса – халал,"<p>Алыну жолына байланысты – халал да, харам да бола алады</p>",[],[]
210,Е341,e341,Ортофосфат кальцийі,Ортофосфор қышқылы және оның тұздары,Сомнительно, Сомнительные,kumandiler,2,Егер кальций минералдық шикізаттан алынса – халал,"<p>Алыну жолына байланысты – халал да, харам да болады</p>",[],[]
211,Е476,e476,Полиглицериннің күрделі эфирлері және эфирленген рицинол қышқылдары,"тұрақтандырғыштар, қоюландырғыштар, эмульгаторлар",Сомнительно, Сомнительные,kumandiler,2,"Егер 100% өсімдік майынан жасалса – халал, &nbsp;егер доңыз майынан жасалса – харам.","<p>Егер 100% өсімдік майынан жасалса – халал, &nbsp;егер доңыз майынан жасалса – харам.</p>",[],[]
212,Е100,e100,"Куркумин, турмерик",Краситель,Сомнительно, Сомнительные,kumandiler,2,"- Халяль, если использован беспримесный молотый порошок или грануляр из куркумы.&nbsp;

- Сомнителен, если используется в виде жидкости (растворитель должен быть халяльным).&nbsp;

- Харам, если скрытым ингредиентом является эмульгатор в сухой смеси, основанный на свином жире.",,[],[]
213,E101,e101,Рибофлавин (витамин B2),Краситель,Сомнительно, Сомнительные,kumandiler,2,"Сомнителен:&nbsp;

- харам, если из свиной печени и почки;&nbsp;

- халяль, если на 100% растительного происхождения",,[],[]
214,E102,e102,Тартразин,Краситель,Сомнительно, Сомнительные,kumandiler,2,"- Халяль, если используется как 100% сухой краситель,&nbsp;

- Сомнителен, если используется как жидкий краситель (растворитель должен быть халяльным).",,[],[]
215,E104,e104,Желтый хинолиновый,Краситель,Сомнительно, Сомнительные,kumandiler,2,"- Халяль, если используется как 100% сухой краситель,&nbsp;

- Сомнителен, если используется как жидкий краситель (неводный растворитель должен быть халяльным).",,[],[]
216,E110,e110,Жёлтый «солнечный закат» (апельсиновый жёлтый S),Краситель,Сомнительно, Сомнительные,kumandiler,2,"- Халяль, если используется как 100% сухой краситель,&nbsp;

- Сомнителен, если используется как жидкий краситель (растворитель должен быть халяльным).",,[],[]
217,E202,e202,Сорбат калия,Консервант,Халяль,Разрешено,ruqsat-etilgender,1,,,[],[]
218,Е107,107,Желтый 2G,Краситель,Сомнительно, Сомнительные,kumandiler,2,"- Халяль, если используется как 100% сухой краситель,&nbsp;

- сомнителен, если используется как жидкий краситель (растворитель должен быть халяльным).",,[],[]
219,Е128,e128,Красный 2G,Краситель,Сомнительно, Сомнительные,kumandiler,2,"- Халяль, если используется как 100% сухой краситель,&nbsp;

- сомнителен, если используется как жидкий краситель (растворитель должен быть халяльным).",,[],[]
220,Е133,133,Бриллиантовый голубой FCF (синий блестящий FCF),Краситель,Сомнительно, Сомнительные,kumandiler,2,"- Халяль, если используется как 100% сухой краситель,

&nbsp;- сомнителен, если используется как жидкий краситель (растворитель должен быть халяльным).",,[],[]
221,Е154,154,Коричневый FK,Краситель,Сомнительно, Сомнительные,kumandiler,2,"- Халяль, если используется как 100% сухой краситель,&nbsp;

- сомнителен, если используется как жидкий краситель (растворитель должен быть халяльным)",,[],[]
222,Е154,154,Коричневый FK,Краситель,Сомнительно, Сомнительные,kumandiler,2,"- Халяль, если используется как 100% сухой краситель,&nbsp;

- сомнителен, если используется как жидкий краситель (растворитель должен быть халяльным)",,[],[]
223,Е920,920,L-цистеина гидрохлорид,Улучшители муки,Сомнительно, Сомнительные,kumandiler,2,"Сомнителен: - харам, если получен из человеческих волос,&nbsp;

- халяль, если изготовлен из халяльного синтетического материала,&nbsp;

- третий источник – куриные/утиные перья. По данному источнику есть разные мнения исламских ученых: некоторые ученые говорят, что это халяль, другие утверждают, что это не является халялем",,[],[]
224,Е904,e904,Шеллак,Прочие – глазирователи,Сомнительно, Сомнительные,kumandiler,2,"Халяль, если не обработано спиртом (есть два вида шеллака: халяльный вид не контактирует со спиртом, а другой вид обработан спиртом). Представляет собой смолу, вырабатываемую лаковыми червецами (насекомыми), питающимися на бутиях односеменных (деревьях) в Индии и Южной Азии. Производится индийскими компаниями.",,[],[]
225,Е635,e635,5-рибонуклеотид натрия двузамещенный,Прочие – усилители вкуса,Сомнительно, Сомнительные,kumandiler,2,Сомнителен (это смесь из E627 и E631,,[],[]
226,Е631,e631,5''-Инозинат натрия двузамещенный,Прочие – усилители вкуса,Сомнительно, Сомнительные,kumandiler,2,"- Халяль, если получен из сардин.&nbsp;

- Сомнителен, если получен из экстракта пивных дрожжей, субпродукта пивоварения.&nbsp;

- Харам, если получено из свиного мяса",,[],[]
227,Е627,e627,5''-Гуанилат натрия,Прочие – усилители вкуса,Сомнительно, Сомнительные,kumandiler,2,"- Халяль, если получен из сардин или из экстрактов хлебопекарных дрожжей.&nbsp;

- Сомнителен, если получен из экстракта пивных дрожжей, субпродукта пивоварения",,[],[]
228,Е623,e623,Глутаминат кальция однозамещенный,Прочие – усилители вкуса,Сомнительно, Сомнительные,kumandiler,2,"Сомнителен: - халяль, если все ингредиенты (в т.ч. питательные среды для выращивания бактерий)&nbsp;

- халяльные, - харам, если среда - из свиного жира",,[],[]
229,Е622,e622,Глутаминат калия однозамещенный,Прочие – усилители вкуса,Сомнительно, Сомнительные,kumandiler,2,"Сомнителен:&nbsp;

- халяль, если все ингредиенты (в т.ч. питательные среды для выращивания бактерий)&nbsp;

- халяльные, - харам, если среда - из свиного жира",,[],[]
230,Е621,e621,Глутаминат натрия однозамещенный,Прочие – усилители вкуса,Сомнительно, Сомнительные,kumandiler,2,"Сомнителен:&nbsp;

- халяль, если все ингредиенты (в т.ч. питательные среды для выращивания бактерий)&nbsp;

- халяльные, - харам, если среда - из свиного жира",,[],[]
231,Е620,e620,L-глутаминовая кислота,Прочие — усилители вкуса,Сомнительно, Сомнительные,kumandiler,2,"Сомнителен:&nbsp;

- халяль, если из растительных белков,&nbsp;

- харам, если из свиных белков",,[],[]
232,Е556,e556,Алюмосиликат кальция,Прочие – соли кремния,Сомнительно, Сомнительные,kumandiler,2,"Сомнителен:&nbsp;

- халяль, если кальций - из минеральных пород,&nbsp;

- харам, если кальций - из свиных костей",,[],[]
234,Е544,e544,Полифосфат кальция,Прочие – антиспекатели,Сомнительно, Сомнительные,kumandiler,2,"Сомнителен:&nbsp;

- халяль, если из минералов,&nbsp;

- харам, если из свиных костей.",,[],[]
235,Е542,e542,Фосфат натрия («костный фосфат»),Прочие – антиспекатели,Сомнительно, Сомнительные,kumandiler,2,"Харам, если из свиных костей",,[],[]
236,Е495,495,Сорбитан монопальмитат,Эмульгаторы и стабилизаторы – соли или сложные эфиры жирной кислоты,Сомнительно, Сомнительные,kumandiler,2,"- Халяль если на 100% из растительного жира,&nbsp;

- харам, если из свиного жира.",,[],[]
237,Е494,e494,Сорбитан моноолеат,Эмульгаторы и стабилизаторы – соли или сложные эфиры жирной кислоты,Сомнительно, Сомнительные,kumandiler,2,"- Халяль если на 100% из растительного жира,&nbsp;

- харам, если из свиного жира.",,[],[]
238,Е493,e493,Сорбитан монолаурат,Эмульгаторы и стабилизаторы – соли или сложные эфиры жирной кислоты,Сомнительно, Сомнительные,kumandiler,2,"- Халяль если на 100% из растительного жира,&nbsp;

- харам, если из свиного жира.",,[],[]
239,Е492,e492,Сорбитан тристеарат,Эмульгаторы и стабилизаторы – соли или сложные эфиры жирной кислоты,Сомнительно, Сомнительные,kumandiler,2,"- Халяль если на 100% из растительного жира,&nbsp;

- харам, если из свиного жира",,[],[]
240,Е491,e491,Сорбитан моностеарат,Эмульгаторы и стабилизаторы – соли или сложные эфиры жирной кислоты,Сомнительно, Сомнительные,kumandiler,2,"- Халяль если на 100% из растительного жира,&nbsp;

- харам, если из свиного жира.",,[],[]
241,Е478,e478,"Эфиры лактилированных жирных кислот, глицерина и пропиленгликоля",Эмульгаторы и стабилизаторы – соли или сложные эфиры жирной кислоты,Сомнительно, Сомнительные,kumandiler,2,"- Халяль если на 100% из растительного жира,&nbsp;

- харам, если из свиного жира.",,[],[]
242,Е327,e327,Лактат кальция,Прочее – соли молочной кислоты,Сомнительно, Сомнительные,kumandiler,2,"Халяль, если молочная кислота не из молочного сырья, а кальций - из минералов",,[],[]
243,Е326,e326,Лактат калия,Прочее – соли молочной кислоты,Сомнительно, Сомнительные,kumandiler,2,"Халяль, если молочная кислота не из молочного сырья",,[],[]
244,Е325,e325,Лактат натрия,Прочее – соли молочной кислоты,Сомнительно, Сомнительные,kumandiler,2,"Халяль, если молочная кислота не из молочного сырья",,[],[]
245,E322,e322,Лецитин,Эмульгаторы и стабилизаторы,Сомнительно, Сомнительные,kumandiler,2,"- Халяль в Европе в том случае, если получен из соевого жира или яичного желтка в Европе.&nbsp;

- Халяль в США, так как в США его всегда получают из соевого жира",,[],[]
