timestamp,user_id,question,bot_answer,vote
2025-09-15 17:45:13,929307596,"Image Query: –ë“±–ª —Å—É—Ä–µ—Ç—Ç–µ B-lovo –±—Ä–µ–Ω–¥—ñ–Ω—ñ“£ Siwak ”©–Ω—ñ–º—ñ –∫”©—Ä—Å–µ—Ç—ñ–ª–≥–µ–Ω. Siwak ”©–Ω—ñ–º—ñ “õ“±—Ä–∞–º—ã–Ω–¥–∞ —Ç–∞–±–∏“ì–∏ —ç–∫—Å—Ç—Ä–∞–∫—Ç—Ç–∞—Ä –±–∞—Ä, –∞—É—ã–∑ “õ—É—ã—Å—ã–Ω —Ç–∞–∑–∞—Ä—Ç—É“ì–∞ –∂”ô–Ω–µ –¥–µ–Ω—Å–∞—É–ª—ã“õ“õ–∞ –ø–∞–π–¥–∞–ª—ã –±–æ–ª–∞—Ç—ã–Ω –µ–º–¥—ñ–∫ –∑—É–±–Ω–æ–π –ø–∞—Å—Ç–∞. ”®–Ω—ñ–º –æ—Ä–∞–º–∞—Å—ã–Ω–¥–∞ –±“Ø—Ç—ñ–Ω —à–∞—Ç—ã—Ä –∞“ì–∞—à—ã–Ω—ã“£ —Å—É—Ä–µ—Ç—ñ –∫”©—Ä—Å–µ—Ç—ñ–ª–≥–µ–Ω, –±“±–ª ”©–Ω—ñ–º–Ω—ñ“£ —Ç–∞–±–∏“ì–∏ –∫–æ–º–ø–æ–Ω–µ–Ω—Ç—Ç–µ—Ä–¥—ñ “õ–∞–º—Ç–∏—Ç—ã–Ω—ã–Ω –∫”©—Ä—Å–µ—Ç–µ–¥—ñ. –ë—Ä–µ–Ω–¥—Ç—ñ“£ –ª–æ–≥–æ —Ç–∞“£–±–∞—Å—ã –¥–∞ –±–µ–π–Ω–µ–ª–µ–Ω–≥–µ–Ω.","¬´B-lovo Siwak¬ª ”©–Ω—ñ–º—ñ –±–æ–π—ã–Ω—à–∞ —Å“±—Ä–∞“ì—ã“£—ã–∑“ì–∞ –º–µ–Ω—ñ“£ –¥–µ—Ä–µ–∫“õ–æ—Ä—ã–º–Ω–∞–Ω –µ—à“õ–∞–Ω–¥–∞–π –º”ô–ª—ñ–º–µ—Ç —Ç–∞–±—ã–ª–º–∞–¥—ã. –ú“Ø–º–∫—ñ–Ω, –±“±–ª ”©–Ω—ñ–º ¬´–•–∞–ª–∞–ª –î–∞–º—É¬ª –±–∞–∑–∞—Å—ã–Ω–∞ –µ–Ω–±–µ–≥–µ–Ω –Ω–µ–º–µ—Å–µ —Å–µ—Ä—Ç–∏—Ñ–∏–∫–∞—Ç—Ç–∞–ª–º–∞“ì–∞–Ω –±–æ–ª—É—ã –º“Ø–º–∫—ñ–Ω. –¢–∞“ì—ã –¥–∞ —Å“±—Ä–∞“õ—Ç–∞—Ä—ã“£—ã–∑ –±–æ–ª—Å–∞ –Ω–µ–º–µ—Å–µ “õ–æ—Å—ã–º—à–∞ –¥–µ—Ä–µ–∫—Ç–µ—Ä “õ–∞–∂–µ—Ç –±–æ–ª—Å–∞, —Ö–∞–±–∞—Ä–ª–∞—Å—ã“£—ã–∑.

–ï–≥–µ—Ä –±–∞—Å“õ–∞ —Å“±—Ä–∞—É–ª–∞—Ä—ã“£—ã–∑ –±–æ–ª—Å–∞, –∞–π—Ç—ã“£—ã–∑, –∫”©–º–µ–∫ –∫”©—Ä—Å–µ—Ç—É–≥–µ –¥–∞–π—ã–Ω–º—ã–Ω! üòä",

2025-09-15 17:49:12,929307596,"Image Query: –ë“±–ª —Å—É—Ä–µ—Ç —Ç–∞“ì–∞–º“ì–∞ –∞—Ä–Ω–∞–ª“ì–∞–Ω ”©–Ω—ñ–º–Ω—ñ“£ –æ—Ä–∞–º—ã –µ–∫–µ–Ω. –ü–ª–∞—Å—Ç–∏–∫–∞–ª—ã“õ –æ—Ä–∞–º–¥–∞ –º–∞—Å–ª–µ–Ω–∫–æ–≤–æ –¥–µ–≥–µ–Ω –±—Ä–µ–Ω–¥ –ø–µ–Ω –¥–µ—Å—Å–µ—Ä—Ç–Ω–∞—è –º–∞—Å—Å–∞ –¥–µ–≥–µ–Ω ”©–Ω—ñ–º –∞—Ç–∞—É—ã –∫”©—Ä—ñ–Ω—ñ–ø —Ç“±—Ä. ”®–Ω—ñ–º–Ω—ñ“£ “õ“±—Ä–∞–º—ã –∞—Ä–∞—Å—ã–Ω–¥–∞ —á–µ—Ä–Ω–∏–∫–∞ –∂”ô–Ω–µ –º—é—Å–ª–∏ –¥–µ–≥–µ–Ω –∏–Ω–≥—Ä–µ–¥–∏–µ–Ω—Ç—Ç–µ—Ä –∞—Ç–∞–ª—ã–ø –∂–∞–∑—ã–ª“ì–∞–Ω. –ë“±–ª ”©–Ω—ñ–º —Ö–∞–ª–∞–ª —Å–µ—Ä—Ç–∏—Ñ–∏–∫–∞—Ç—ã–Ω–∞ –∏–µ –µ–∫–µ–Ω, –æ–ª –¥–∞ –æ—Ä–∞–º–¥–∞ –∫”©—Ä—Å–µ—Ç—ñ–ª–≥–µ–Ω. –°–æ–Ω–¥–∞–π-–∞“õ, –æ—Ä–∞–º–Ω—ã“£ “Ø—Å—Ç—ñ–Ω–¥–µ ""–ë–µ—à–µ–Ω—Å—Ç–≤–æ –≤–∞—à–µ–≥–æ —Å—Ç–æ–ª–∞"" –¥–µ–≥–µ–Ω —Å”©–∑–¥–µ—Ä –æ“õ—É“ì–∞ –±–æ–ª–∞–¥—ã.","üçΩÔ∏è ¬´–ú–∞—Å–ª–µ–Ω–∫–æ–≤–æ¬ª –¥–µ—Å–µ—Ä—Ç–Ω–∞—è –º–∞—Å—Å–∞ —Å —á–µ—Ä–Ω–∏–∫–æ–π –∏ –º—é—Å–ª–∏

‚úÖ –•–∞–ª–∞–ª —Å—Ç–∞—Ç—É—Å: –•–∞–ª–∞–ª —Å–µ—Ä—Ç–∏—Ñ–∏–∫–∞—Ç—ã –±–∞—Ä  
üìÖ –ú–µ—Ä–∑—ñ–º—ñ: 2025-01-29 ‚Äì 2026-01-28  
üè¢ –ú–µ–∫–µ–º–µ: ¬´–ê—è–ª–∞ –ü–ª—é—Å¬ª  
üìç –ú–µ–∫–µ–Ω–∂–∞–π—ã: –ê–ª–º–∞—Ç—ã “õ–∞–ª–∞—Å—ã, –ñ–µ—Ç—ã—Å—É—Å–∫–∏–π –∞—É–¥–∞–Ω—ã, –†–∞—Ç—É—à–Ω–æ–≥–æ –∫”©—à–µ—Å—ñ, 74–ê  
üìú –°–µ—Ä—Ç–∏—Ñ–∏–∫–∞—Ç —Å—ñ–ª—Ç–µ–º–µ–ª–µ—Ä—ñ: 
- ![–°–µ—Ä—Ç–∏—Ñ–∏–∫–∞—Ç 1](https://halaldamu.kz/storage/app/uploads/public/67a/06f/8d7/67a06f8d7307e705550649.jpg)
- ![–°–µ—Ä—Ç–∏—Ñ–∏–∫–∞—Ç 2](https://halaldamu.kz/storage/app/uploads/public/67a/06f/923/67a06f923793f870773332.jpg)
- ![–°–µ—Ä—Ç–∏—Ñ–∏–∫–∞—Ç 3](https://halaldamu.kz/storage/app/uploads/public/67a/06f/938/67a06f9386b3f725539165.jpg)„Äê8:18‚Ä†source„Äë.

–ï–≥–µ—Ä “õ–æ—Å—ã–º—à–∞ –∞“õ–ø–∞—Ä–∞—Ç “õ–∞–∂–µ—Ç –±–æ–ª—Å–∞, —Ö–∞–±–∞—Ä–ª–∞—Å—ã“£—ã–∑! üòä",like
2025-09-15 17:50:43,1042456426,–°”ô–ª–µ–º,"“ö–∞–π—ã—Ä–ª—ã –∫–µ—à! –°—ñ–∑–≥–µ “õ–∞–ª–∞–π –∫”©–º–µ–∫—Ç–µ—Å–µ –∞–ª–∞–º—ã–Ω? –•–∞–ª–∞–ª —Å–µ—Ä—Ç–∏—Ñ–∏–∫–∞—Ç—Ç–∞–ª“ì–∞–Ω –º–µ–∫–µ–º–µ–ª–µ—Ä –Ω–µ–º–µ—Å–µ —Ç–∞“ì–∞–º–¥—ã“õ “õ–æ—Å–ø–∞–ª–∞—Ä —Ç—É—Ä–∞–ª—ã —Å“±—Ä–∞“õ—Ç–∞—Ä—ã“£—ã–∑ –±–æ–ª—Å–∞, –∞–π—Ç—ã–ø ”©—Ç—Å–µ“£—ñ–∑, —Å—ñ–∑–≥–µ “õ–∞–∂–µ—Ç –∞“õ–ø–∞—Ä–∞—Ç—Ç—ã “±—Å—ã–Ω—É“ì–∞ –¥–∞–π—ã–Ω–º—ã–Ω! üòä",like

2025-09-15 17:55:09,1042456426,–ú—ã—Å–∞–ª 5,"üçΩÔ∏è ¬´–¢–∞“ì–∞–º¬ª –∞—Å—Ö–∞–Ω–∞—Å—ã ‚Äî –ü–∞–≤–ª–æ–¥–∞—Ä “õ–∞–ª–∞—Å—ã  
‚úÖ –•–∞–ª–∞–ª —Å—Ç–∞—Ç—É—Å: –•–∞–ª–∞–ª —Å–µ—Ä—Ç–∏—Ñ–∏–∫–∞—Ç—ã –±–∞—Ä  
üìÖ –ú–µ—Ä–∑—ñ–º—ñ: 10.02.2023 ‚Äì 09.02.2024  
üè¢ –ú–µ–∫–µ–º–µ: –ñ–ö ""–°–ê–†–ò–ù–ê""  
üìç –ú–µ–∫–µ–Ω–∂–∞–π—ã: –ü–∞–≤–ª–æ–¥–∞—Ä “õ–∞–ª–∞—Å—ã, –ú.–ö–∞–∏—Ä–±–∞–µ–≤–∞ –∫”©—à–µ—Å—ñ, 82 

–ë–∞—Ä–ª—ã“õ –º”ô–ª—ñ–º–µ—Ç—Ç–µ—Ä—ñ“£—ñ–∑ —Ç–æ–ª—ã“õ—Ç–∞–π “±—Å—ã–Ω—ã–ª“ì–∞–Ω! –ï–≥–µ—Ä “õ–æ—Å—ã–º—à–∞ —Å“±—Ä–∞“õ—Ç–∞—Ä—ã“£—ã–∑ –±–æ–ª—Å–∞, —Ö–∞–±–∞—Ä–ª–∞—Å—ã“£—ã–∑. üòä",like
2025-09-15 18:04:53,1042456426,–î–∞–Ω–∞,"""–î–∞–Ω–∞"" –∞—Ç—Ç—ã ”©–Ω—ñ–º –±–æ–π—ã–Ω—à–∞ –∫–µ–ª–µ—Å—ñ –º”ô–ª—ñ–º–µ—Ç—Ç–µ—Ä–¥—ñ —Ç–∞–ø—Ç—ã–º:

üçΩÔ∏è –ö–æ–ª–±–∞—Å–∞ –≤–∞—Ä–µ–Ω–∞—è ‚Äú–î–∞–Ω–∞‚Äù ‚Äî –ñ–∞–º–±—ã–ª –æ–±–ª—ã—Å—ã  
‚úÖ –•–∞–ª–∞–ª —Å—Ç–∞—Ç—É—Å: –°–µ—Ä—Ç–∏—Ñ–∏—Ü–∏—Ä–æ–≤–∞–Ω–Ω—ã–µ  
üè¢ –ú–µ–∫–µ–º–µ: –ò–ü ¬´–ü–∞–∑–∏–µ–≤–∞ –ì.–ê.¬ª  
üìç –ú–µ–∫–µ–Ω–∂–∞–π—ã: –¢–∞—Ä–∞–∑ “õ–∞–ª–∞—Å—ã, –ú–æ—Å–∫–æ–≤—Å–∫–∞—è –∫”©—à–µ—Å—ñ, 23  
üñºÔ∏è –°–µ—Ä—Ç–∏—Ñ–∏–∫–∞—Ç —Å—ñ–ª—Ç–µ–º–µ—Å—ñ: 
- ![–°–µ—Ä—Ç–∏—Ñ–∏–∫–∞—Ç 1](https://halaldamu.kz/storage/app/uploads/public/675/686/1fb/6756861fb1ee9022803278.jpg)
- ![–°–µ—Ä—Ç–∏—Ñ–∏–∫–∞—Ç 2](https://halaldamu.kz/storage/app/uploads/public/686/25b/2f5/68625b2f51b4a818900201.jpeg)„Äê18:0‚Ä†source„Äë

–ï–≥–µ—Ä “õ–æ—Å—ã–º—à–∞ —Å“±—Ä–∞“õ—Ç–∞—Ä—ã“£—ã–∑ –±–æ–ª—Å–∞, —Ö–∞–±–∞—Ä–ª–∞—Å—ã“£—ã–∑! üòä",like
2025-09-15 18:29:21,929307596,1,"üçΩÔ∏è ¬´R–ælton¬ª ‚Äî –ü–µ—Ç—Ä–æ–ø–∞–≤–ª  
‚úÖ –•–∞–ª–∞–ª —Å—Ç–∞—Ç—É—Å: –•–∞–ª–∞–ª —Å–µ—Ä—Ç–∏—Ñ–∏–∫–∞—Ç—ã –±–∞—Ä  
üìÖ –ú–µ—Ä–∑—ñ–º—ñ: 2023-02-10 ‚Äì 2024-02-09  
üè¢ –ú–µ–∫–µ–º–µ: –ñ–®–° ""Rolltime""  
üìç –ú–µ–∫–µ–Ω–∂–∞–π—ã: –ü–µ—Ç—Ä–æ–ø–∞–≤–ª, –ê—É—ç–∑–æ–≤ –∫-—Å—ñ, 157 “Ø–π

–ï–≥–µ—Ä –±–∞—Å“õ–∞ —Å“±—Ä–∞“õ—Ç–∞—Ä—ã“£—ã–∑ –±–æ–ª—Å–∞, —Ö–∞–±–∞—Ä–ª–∞—Å—ã“£—ã–∑! üòä",like

2025-09-15 18:43:06,929307596,4,"üçΩÔ∏è ¬´Maki Maki¬ª ‚Äî “ö–∞—Ä–∞“ì–∞–Ω–¥—ã “õ–∞–ª–∞—Å—ã  
‚úÖ –•–∞–ª–∞–ª —Å—Ç–∞—Ç—É—Å: –•–∞–ª–∞–ª —Å–µ—Ä—Ç–∏—Ñ–∏–∫–∞—Ç—ã –±–∞—Ä  
üìÖ –ú–µ—Ä–∑—ñ–º—ñ: 2025-06-27 ‚Äì 2026-06-26  
üè¢ –ú–µ–∫–µ–º–µ: ""NAYADA LTD"" –ñ–®–°  
üìç –ú–µ–∫–µ–Ω–∂–∞–π—ã: –ú–∞–º—ã—Ä —à/–∞, ¬´–ö–∞—Å–∫–∞–¥¬ª –°–û–û  

–ï–≥–µ—Ä –±–∞—Å“õ–∞ —Å“±—Ä–∞“õ—Ç–∞—Ä—ã“£—ã–∑ –±–æ–ª—Å–∞, —Ö–∞–±–∞—Ä–ª–∞—Å—ã“£—ã–∑! üòä",like

2025-09-15 18:50:22,929307596,Sq plov —Ö–∞–ª–∞–ª –º–∞,"“ö–∞–π—ã—Ä–ª—ã –∫–µ—à! 

¬´SQ¬ª Plov –º–∞—Ä–∫–∞—Å—ã –±–æ–π—ã–Ω—à–∞ –±—ñ—Ä–Ω–µ—à–µ –∫–æ–º–ø–∞–Ω–∏—è —Ö–∞–ª–∞–ª —Å–µ—Ä—Ç–∏—Ñ–∏–∫–∞—Ç—Ç–∞–ª“ì–∞–Ω. –û–ª–∞—Ä–¥—ã“£ –∞—Ä–∞—Å—ã–Ω–¥–∞ –º—ã–Ω–∞–ª–∞—Ä –±–∞—Ä:

1. üçΩÔ∏è ¬´SQ¬ª Plov ‚Äî –ê—Å—Ç–∞–Ω–∞ ‚Äî –°—ã“ì–∞–Ω–∞“õ –∫”©—à–µ—Å—ñ, 24 –Ω. —Ç. 18 “Ø–π ‚Äî ¬´–ê–ö–ñ–û–õ¬ª –ñ–ö (–°–µ—Ä—Ç–∏—Ñ–∏–∫–∞—Ç –º–µ—Ä–∑—ñ–º—ñ ”©—Ç–∫–µ–Ω)„Äê4:3‚Ä†source„Äë
2. üçΩÔ∏è ¬´SQ¬ª Plov ‚Äî –ê—Å—Ç–∞–Ω–∞ ‚Äî –ñ–µ–ª—Ç–æ“õ—Å–∞–Ω –∫”©—à–µ—Å—ñ, 2—Ç ‚Äî ¬´–ê–ë–û¬ª –ñ–ö (–°–µ—Ä—Ç–∏—Ñ–∏–∫–∞—Ç –º–µ—Ä–∑—ñ–º—ñ ”©—Ç–∫–µ–Ω)„Äê4:0‚Ä†source„Äë
3. üçΩÔ∏è ¬´SQ¬ª Plov ‚Äî –ê—Å—Ç–∞–Ω–∞ ‚Äî –ñ.–¢–∞—à–µ–Ω–æ–≤ –∫”©—à–µ—Å—ñ, 21 ‚Äî ¬´–ê–ª—É–∞¬ª –ñ–ö (–°–µ—Ä—Ç–∏—Ñ–∏–∫–∞—Ç—Ç–∞–ª“ì–∞–Ω)„Äê4:8‚Ä†source„Äë
4. üçΩÔ∏è ¬´SQ¬ª Plov ‚Äî –ê—Å—Ç–∞–Ω–∞ ‚Äî –Ü.–û–º–∞—Ä–æ–≤ –∫”©—à–µ—Å—ñ, 27 ‚Äî ¬´–†—É—Å–ª–∞–Ω¬ª –ñ–ö (–°–µ—Ä—Ç–∏—Ñ–∏–∫–∞—Ç—Ç–∞–ª“ì–∞–Ω)„Äê4:7‚Ä†source„Äë

“ö–∞–π –º–µ–∫–µ–º–µ–Ω—ñ –Ω–∞“õ—Ç—ã–ª–∞–π—Å—ã–∑?",like
2025-09-15 18:50:42,929307596,Sq plov —Ö–∞–ª–∞–ª –º–∞,"“ö–∞–π—ã—Ä–ª—ã –∫“Ø–Ω! ¬´SQ¬ª Plov –º–µ–π—Ä–∞–º—Ö–∞–Ω–∞–ª–∞—Ä—ã–Ω—ã“£ –±—ñ—Ä–Ω–µ—à–µ —Ç“Ø—Ä—ñ –±–∞—Ä –µ–∫–µ–Ω. –û–ª–∞—Ä–¥—ã“£ —ñ—à—ñ–Ω–¥–µ ”ô—Ä—Ç“Ø—Ä–ª—ñ –º–µ–∫–µ–º–µ–ª–µ—Ä–≥–µ “õ–∞—Ç—ã—Å—Ç—ã —Ö–∞–ª–∞–ª —Å–µ—Ä—Ç–∏—Ñ–∏–∫–∞—Ç—Ç–∞—Ä—ã –±–∞—Ä. –¢”©–º–µ–Ω–¥–µ –æ–ª–∞—Ä —Ç—É—Ä–∞–ª—ã –∞“õ–ø–∞—Ä–∞—Ç –∫”©—Ä—Å–µ—Ç—ñ–ª–≥–µ–Ω:

1. üçΩÔ∏è ¬´SQ¬ª Plov ‚Äî –ê—Å—Ç–∞–Ω–∞ “õ–∞–ª–∞—Å—ã ‚Äî –ñ.–¢–∞—à–µ–Ω–æ–≤ –∫”©—à–µ—Å—ñ, 21 ‚Äî ¬´–ê–ª—É–∞¬ª –ñ–ö 
   - ‚úÖ –•–∞–ª–∞–ª —Å—Ç–∞—Ç—É—Å: –°–µ—Ä—Ç–∏—Ñ–∏–∫–∞—Ü–∏—è–ª–∞–Ω“ì–∞–Ω
   - üìÖ –ú–µ—Ä–∑—ñ–º—ñ: 2025-08-28 to 2026-08-27
   - [–°–µ—Ä—Ç–∏—Ñ–∏–∫–∞—Ç](https://halaldamu.kz/storage/app/uploads/public/68b/6b6/3ec/68b6b63ecc852007709175.jpg) 

2. üçΩÔ∏è ¬´SQ¬ª Plov ‚Äî –ê—Å—Ç–∞–Ω–∞ “õ–∞–ª–∞—Å—ã ‚Äî –¢“±—Ä–∞–Ω –¥–∞“£“ì—ã–ª—ã, 55/4 ‚Äî ¬´–°–∞—Ä—ã¬ª –ñ–ö 
   - ‚úÖ –•–∞–ª–∞–ª —Å—Ç–∞—Ç—É—Å: –°–µ—Ä—Ç–∏—Ñ–∏–∫–∞—Ü–∏—è–ª–∞–Ω“ì–∞–Ω
   - üìÖ –ú–µ—Ä–∑—ñ–º—ñ: 2025-08-28 to 2026-08-27
   - [–°–µ—Ä—Ç–∏—Ñ–∏–∫–∞—Ç](https://halaldamu.kz/storage/app/uploads/public/68b/6b7/8e5/68b6b78e5ed28594416165.jpg) 

–ï–≥–µ—Ä –Ω–∞“õ—Ç—ã –±—ñ—Ä–µ—É—ñ–Ω —Ç–∞“£–¥–∞—Å–∞“£—ã–∑, “õ–æ—Å—ã–º—à–∞ –º”ô–ª—ñ–º–µ—Ç –±–µ—Ä—É–≥–µ ”ô–∑—ñ—Ä–º—ñ–Ω„Äê4:1‚Ä†source„Äë.",dislike
2025-09-15 19:01:23,929307596,"–ü–∞–π–¥–∞–ª–∞–Ω—É—à—ã –º–∞“ì–∞–Ω —Å—É—Ä–µ—Ç –∂—ñ–±–µ—Ä–¥—ñ. –ú–µ–Ω –æ–ª —Å—É—Ä–µ—Ç—Ç—ñ —Ç–∞–ª–¥–∞–ø, –º—ã–Ω–∞–¥–∞–π —Å–∏–ø–∞—Ç—Ç–∞–º–∞ –∞–ª–¥—ã–º: '–ë“±–ª —Å—É—Ä–µ—Ç—Ç–µ —à–∞“ì—ã–Ω –ø–µ–ª—å–º–µ–Ω–¥–µ—Ä ”©–Ω—ñ–º—ñ–Ω—ñ“£ –ø–∞–∫–µ—Ç—ñ –∫”©—Ä—ñ–Ω–µ–¥—ñ. –ü–∞–∫–µ—Ç—Ç—ñ“£ –¥–∏–∑–∞–π–Ω—ã “õ—ã–∑—ã–ª —Ç“Ø—Å—Ç—ñ –±–æ–ª—ã–ø, –æ–Ω–¥–∞ ""–•–∞–ª–∞–ª—å –ù—É—Ä"" –±—Ä–µ–Ω–¥—ñ–Ω—ñ“£ –∞—Ç–∞—É—ã –∂–∞–∑—ã–ª“ì–∞–Ω. –ü–∞–∫–µ—Ç—Ç—ñ“£ –∞—Ä—Ç –∂–∞“ì—ã–Ω–¥–∞ –ø–µ–ª—å–º–µ–Ω–¥–µ—Ä–¥—ñ“£ “õ“±—Ä–∞–º—ã–Ω–∞, —Ç–∞“ì–∞–º “õ“±–Ω–¥—ã–ª—ã“ì—ã–Ω–∞, –ø–∞–π–¥–∞–ª–∞–Ω—É“ì–∞ –∞—Ä–Ω–∞–ª“ì–∞–Ω “±—Å—ã–Ω—ã—Å—Ç–∞—Ä –∂”ô–Ω–µ ”©–Ω–¥—ñ—Ä—É—à—ñ —Ç—É—Ä–∞–ª—ã –∞“õ–ø–∞—Ä–∞—Ç –±–µ—Ä—ñ–ª–≥–µ–Ω. –ü–µ–ª—å–º–µ–Ω–¥–µ—Ä–¥—ñ“£ —Å–∞–ª–º–∞“ì—ã 1000 –≥—Ä–∞–º–º –∫”©—Ä—Å–µ—Ç—ñ–ª–≥–µ–Ω. –û—Å—ã–ª–∞–π—à–∞, –±“±–ª —Å—É—Ä–µ—Ç —Ö–∞–ª–∞–ª –ø–µ–ª—å–º–µ–Ω–¥–µ—Ä ”©–Ω—ñ–º—ñ–Ω –∫”©—Ä—Å–µ—Ç–µ–¥—ñ.'. –û—Å—ã —Å–∏–ø–∞—Ç—Ç–∞–º–∞“ì–∞ —Å“Ø–π–µ–Ω—ñ–ø, ”©–∑—ñ“£–Ω—ñ“£ –±—ñ–ª—ñ–º “õ–æ—Ä—ã“£–Ω–∞–Ω (–∂“Ø–∫—Ç–µ–ª–≥–µ–Ω —Ñ–∞–π–ª–¥–∞—Ä–¥–∞–Ω) —Å—É—Ä–µ—Ç—Ç–µ–≥—ñ ”©–Ω—ñ–º–Ω—ñ“£ –Ω–µ–º–µ—Å–µ –º–µ–∫–µ–º–µ–Ω—ñ“£ —Ö–∞–ª–∞–ª —Å—Ç–∞—Ç—É—Å—ã —Ç—É—Ä–∞–ª—ã –∞“õ–ø–∞—Ä–∞—Ç—Ç—ã —Ç–∞—É—ã–ø, –ø–∞–π–¥–∞–ª–∞–Ω—É—à—ã“ì–∞ –∂–∞—É–∞–ø –±–µ—Ä.","""–•–∞–ª–∞–ª –ù—É—Ä"" –±—Ä–µ–Ω–¥—ñ –±–æ–π—ã–Ω—à–∞ –º”ô–ª—ñ–º–µ—Ç—Ç–µ—Ä —Ç–∞–ø—Ç—ã–º:

- –ë—Ä–µ–Ω–¥: ""–•–∞–ª–∞–ª –ù—É—Ä""
- ”®–Ω—ñ–º–¥–µ—Ä: –§—Ä–∏–∫–∞–¥–µ–ª—å–∫–∏, –ö–æ—Ç–ª–µ—Ç—ã, –¢–µ—Ñ—Ç–µ–ª–∏, –¢“±—à–ø–∞—Ä–∞, –§–∞—Ä—à
- –°–µ—Ä—Ç–∏—Ñ–∏–∫–∞—Ç—Ç—ã“£ –∂–∞—Ä–∞–º–¥—ã–ª—ã“õ –º–µ—Ä–∑—ñ–º—ñ: 2025-05-06 - 2026-05-05
- ”®–Ω–¥—ñ—Ä—É—à—ñ: ¬´–ê–ª—å–∂–∞–Ω–æ–≤¬ª –ñ–ö
- –û—Ä–Ω–∞–ª–∞—Å“õ–∞–Ω –∂–µ—Ä—ñ: –ê“õ—Ç”©–±–µ “õ–∞–ª–∞—Å—ã
- –°—Ç–∞—Ç—É—Å: –°–µ—Ä—Ç–∏—Ñ–∏—Ü–∏—Ä–æ–≤–∞–Ω–Ω—ã–µ„Äê14:15‚Ä†source„Äë

–ë“±–ª ”©–Ω—ñ–º–¥–µ—Ä —Ö–∞–ª–∞–ª —Å–µ—Ä—Ç–∏—Ñ–∏–∫–∞—Ç“õ–∞ –∏–µ –∂”ô–Ω–µ –ø–∞–π–¥–∞–ª–∞–Ω—É“ì–∞ –∂–∞—Ä–∞–º–¥—ã.",dislike
2025-09-15 19:05:56,929307596,Sigara borek —Ö–∞–ª–∞–ª –º–∞,"“ö–∞–π—ã—Ä–ª—ã –∫–µ—à! ""Sigara Borek Kazakhstan"" ”©–Ω—ñ–º—ñ–Ω—ñ“£ —Ö–∞–ª–∞–ª —Å–µ—Ä—Ç–∏—Ñ–∏–∫–∞—Ç—ã–Ω—ã“£ –º–µ—Ä–∑—ñ–º—ñ ”©—Ç–∫–µ–Ω—ñ–Ω –µ—Å–∫–µ—Ä—Ç–∫—ñ–º –∫–µ–ª–µ–¥—ñ. –°–æ–Ω–¥—ã“õ—Ç–∞–Ω, –∞“ì—ã–º–¥–∞“ì—ã —É–∞“õ—ã—Ç—Ç–∞ –æ–ª ”©–Ω—ñ–º —Ö–∞–ª–∞–ª —Ä–µ—Ç—ñ–Ω–¥–µ –µ—Å–µ–ø—Ç–µ–ª–º–µ–π–¥—ñ. –ï–≥–µ—Ä “õ–æ—Å—ã–º—à–∞ –∞“õ–ø–∞—Ä–∞—Ç “õ–∞–∂–µ—Ç –±–æ–ª—Å–∞, —Ö–∞–±–∞—Ä–ª–∞“£—ã–∑.",like

